,id,symbol,name,image,current_price,market_cap,market_cap_rank,fully_diluted_valuation,total_volume,high_24h,low_24h,price_change_24h,price_change_percentage_24h,market_cap_change_24h,market_cap_change_percentage_24h,circulating_supply,total_supply,max_supply,ath,ath_change_percentage,ath_date,atl,atl_change_percentage,atl_date,roi,last_updated,homepage,chain,contract_address,coingecko_watchers,price_change_percentage_7d,price_change_percentage_14d,price_change_percentage_30d,price_change_percentage_60d,telegram_users,platform,platform_icon_url
0,dogecoin,doge,Dogecoin,https://assets.coingecko.com/coins/images/5/large/dogecoin.png?1696501409,0.081421,11623671759.0,10.0,11623620466.0,700470503.0,0.084404,0.080119,-0.001410576942149147,-1.70295,-199234280.9282589,-1.68515,142765536383.705,142764906383.705,,0.731578,-88.87492,2021-05-08T05:08:23.458Z,8.69e-05,93553.743,2015-05-06T00:00:00.000Z,,2024-01-23T03:02:10.370Z,http://dogecoin.com/,,,535034,0.70901,1.91882,-13.44085,5.54559,,DOGE,https://icons.llamao.fi/icons/chains/rsz_doge?w=48&h=48
1,shiba-inu,shib,Shiba Inu,https://assets.coingecko.com/coins/images/11939/large/shiba.png?1696511800,9.03e-06,5309211983.0,18.0,9009478807.0,147998699.0,9.3e-06,8.89e-06,-1.7435915786e-07,-1.89445,-102574594.71974182,-1.89539,589281420287023.1,999982386165243.0,,8.616e-05,-89.54787,2021-10-28T03:54:55.568Z,5.6366e-11,15976494.31593,2020-11-28T11:26:25.838Z,,2024-01-23T03:02:05.405Z,https://shibatoken.com/,ethereum,0x95ad61b0a150d79219dcf64e1e6cc01f0b64c4ce,625758,-5.64257,-4.08237,-17.6998,10.45245,143190.0,ethereum,https://icons.llamao.fi/icons/chains/rsz_ethereum?w=48&h=48
2,bonk,bonk,Bonk,https://assets.coingecko.com/coins/images/28600/large/bonk.jpg?1696527587,1.068e-05,649176980.0,102.0,999725007.0,71296274.0,1.131e-05,1.031e-05,-3.88821803654e-07,-3.51389,-23474451.290381193,-3.48984,60837624528359.55,93689234980611.55,100000000000000.0,3.416e-05,-68.88266,2023-12-15T07:35:13.369Z,8.6142e-08,12240.83178,2022-12-29T22:48:46.755Z,,2024-01-23T03:02:06.968Z,https://www.bonkcoin.com/,solana,DezXAZ8z7PnrnRJjz3wXBoRgixCa6xjnB7YaB1pPB263,74018,-21.79647,-10.90454,-44.57194,150.96047,,solana,https://icons.llamao.fi/icons/chains/rsz_solana?w=48&h=48
3,corgiai,corgiai,CorgiAI,https://assets.coingecko.com/coins/images/30933/large/Token.png?1696529775,0.00166843,462578662.0,126.0,621358104.0,492655.0,0.00172141,0.00163657,-4.0944561958106e-05,-2.39529,-11317702.666923106,-2.38822,277312793452.471,372500000000.0,500000000000.0,0.00331027,-50.3209,2023-12-24T10:25:03.658Z,4.414e-05,3625.53544,2023-09-06T20:16:08.253Z,,2024-01-23T03:02:04.835Z,https://corgiai.xyz/,cronos,0x6b431b8a964bfcf28191b07c91189ff4403957d0,5366,-4.86273,-24.76684,-30.05272,53.9754,,cronos,https://icons.llamao.fi/icons/chains/rsz_cronos?w=48&h=48
4,pepe,pepe,Pepe,https://assets.coingecko.com/coins/images/29850/large/pepe-token.jpeg?1696528776,1.07e-06,446513651.0,132.0,446513651.0,55444571.0,1.12e-06,1.04e-06,-3.6354733081e-08,-3.29992,-15838936.407054305,-3.42573,420690000000000.0,420690000000000.0,420690000000000.0,4.31e-06,-75.38544,2023-05-05T16:50:45.302Z,5.5142e-08,1822.60681,2023-04-18T02:14:41.591Z,,2024-01-23T03:02:10.460Z,https://www.pepe.vip/,ethereum,0x6982508145454ce325ddbe47a25d4ec3d2311933,95325,-12.07549,-10.25808,-27.96733,-1.42439,94142.0,ethereum,https://icons.llamao.fi/icons/chains/rsz_ethereum?w=48&h=48
5,floki,floki,FLOKI,https://assets.coingecko.com/coins/images/16746/large/PNG_image.png?1696516318,2.941e-05,291939151.0,176.0,294003697.0,15505048.0,3.08e-05,2.872e-05,-1.357478992054e-06,-4.4119,-13605380.757437885,-4.45283,9929778222987.0,10000000000000.0,10000000000000.0,0.00033651,-91.30549,2021-11-04T06:58:35.285Z,8.428e-08,34614.82461,2021-07-06T01:11:20.438Z,,2024-01-23T03:02:10.112Z,https://www.floki.com/,ethereum,0xcf0c122c6b73ff809c693db761e7baebe62b6a2e,115543,-4.89526,-2.22651,-20.02522,-9.08541,63176.0,ethereum,https://icons.llamao.fi/icons/chains/rsz_ethereum?w=48&h=48
6,dogwifcoin,wif,dogwifhat,https://assets.coingecko.com/coins/images/33566/large/dogwifhat.jpg?1702499428,0.240854,240553371.0,201.0,240553371.0,55271614.0,0.287899,0.230675,-0.04527716600398429,-15.82393,-44793539.46685836,-15.69792,998926392.0,998926392.0,998926392.0,0.462499,-47.73974,2024-01-18T07:09:48.928Z,0.00155464,15447.24516,2023-12-13T07:13:50.873Z,,2024-01-23T03:01:46.368Z,https://dogwifcoin.org,solana,EKpQGSJtjMFqKZ9KQanSqYXRcF8fBopzLHYxdM65zcjm,14399,-19.73251,87.30244,12.2711,,8606.0,solana,https://icons.llamao.fi/icons/chains/rsz_solana?w=48&h=48
7,memecoin-2,meme,Memecoin,https://assets.coingecko.com/coins/images/32528/large/memecoin_%282%29.png?1698912168,0.02341736,216155168.0,218.0,1613466501.0,42492491.0,0.02406746,0.02295881,-0.000346944549050657,-1.45994,-2499404.304252565,-1.14308,9243889860.36631,69000000000.0,69000000000.0,0.04650388,-49.61041,2023-12-06T01:01:43.438Z,0.01724609,35.87497,2023-11-07T18:04:56.706Z,,2024-01-23T03:01:54.767Z,https://www.memecoin.org/,ethereum,0xb131f4a55907b10d1f0a50d8ab8fa09ec342cd74,140115,-13.76249,2.35197,-25.45192,-13.51775,,ethereum,https://icons.llamao.fi/icons/chains/rsz_ethereum?w=48&h=48
8,myro,$myro,Myro,https://assets.coingecko.com/coins/images/32878/large/MYRO_200x200.png?1699709942,0.19061,192190128.0,235.0,192190128.0,33386612.0,0.245058,0.173278,-0.033843837391500486,-15.07827,-30483823.07604164,-13.68989,999981490.49,999981490.49,1000000000.0,0.258173,-26.32597,2024-01-19T12:30:11.669Z,0.00199487,9434.74094,2023-11-12T18:30:55.091Z,,2024-01-23T03:02:02.016Z,http://myrothedog.com,solana,HhJpBhRRn4g56VsyLuT8DL5Bv31HkXqsrahTTUCZeZg4,15374,39.49949,151.45846,1014.8947,592.09605,11463.0,solana,https://icons.llamao.fi/icons/chains/rsz_solana?w=48&h=48
9,baby-doge-coin,babydoge,Baby Doge Coin,https://assets.coingecko.com/coins/images/16125/large/babydoge.jpg?1696515731,1.124e-09,164471245.0,254.0,472066252.0,1457065.0,1.174e-09,1.106e-09,-5.0175164e-11,-4.27244,-7772862.977904111,-4.5127,1.4633099163913923e+17,4.2e+17,4.2e+17,6.345e-09,-82.35031,2022-01-16T20:24:43.758Z,9.4771e-11,1081.61488,2021-06-09T02:48:21.787Z,,2024-01-23T03:02:03.530Z,https://babydoge.com,binance-smart-chain,0xc748673057861a797275cd8a068abb95a902e8de,169558,-9.43398,-10.08967,-25.09718,-5.05811,131667.0,ethereum,https://icons.llamao.fi/icons/chains/rsz_ethereum?w=48&h=48
10,dogelon-mars,elon,Dogelon Mars,https://assets.coingecko.com/coins/images/14962/large/6GxcPRo3_400x400.jpg?1696514622,1.5093e-07,82918241.0,409.0,150856445.0,12609257.0,1.57891e-07,1.49322e-07,-6.436493554e-09,-4.09014,-3900282.2397368997,-4.49245,549649971723242.3,1000000000000000.0,1000000000000000.0,2.59e-06,-94.18219,2021-10-30T20:39:32.727Z,1.7563e-08,759.15714,2021-04-23T06:09:26.872Z,,2024-01-23T03:02:07.101Z,https://dogelonmars.com/,ethereum,0x761d38e5ddf6ccf6cf7c55759d5210750b5d60f3,213509,-10.8841,-12.50904,-22.71112,-8.75461,41906.0,ethereum,https://icons.llamao.fi/icons/chains/rsz_ethereum?w=48&h=48
11,coq-inu,coq,Coq Inu,https://assets.coingecko.com/coins/images/33511/large/Coin_CoqInu_1200px.png?1702041053,9.77695e-07,67871630.0,476.0,67871630.0,6580030.0,1.06e-06,8.92844e-07,-7.4865953805e-08,-7.11275,-5272291.178785473,-7.20811,69420000000000.0,69420000000000.0,69420000000000.0,3.98e-06,-75.50832,2023-12-19T23:49:50.797Z,8.3331e-08,1069.55038,2023-12-08T21:44:39.553Z,,2024-01-23T03:01:28.169Z,https://www.coqinu.com/,avalanche,0x420fca0121dc28039145009570975747295f2329,24249,-30.71096,-21.77814,-64.84248,,,avalanche,https://icons.llamao.fi/icons/chains/rsz_avalanche?w=48&h=48
12,snek,snek,Snek,https://assets.coingecko.com/coins/images/30496/large/snek_icon_200.png?1703346174,0.00089712,65566881.0,490.0,67715711.0,2271069.0,0.00092922,0.00083389,-2.5128229047912e-05,-2.72466,-1745856.3402164206,-2.59365,73245019642.0,75645486662.0,76715880000.0,0.00231493,-61.31093,2023-12-16T16:38:46.273Z,0.00013847,546.80878,2023-10-20T02:25:36.411Z,,2024-01-23T03:02:01.936Z,https://www.snek.com/,cardano,279c909f348e533da5808898f87f9a14bb2c3dfbbacccd631d927a3f,8043,-23.35053,-25.99102,-53.45965,203.80951,4147.0,cardano,https://icons.llamao.fi/icons/chains/rsz_cardano?w=48&h=48
13,silly-dragon,silly,Silly Dragon,https://assets.coingecko.com/coins/images/33698/large/image.png?1702821846,0.06376,63533200.0,495.0,63533200.0,9724440.0,0.068551,0.059702,-0.002824634752672903,-4.2422,-3589951.155672215,-5.34831,999934092.217753,999934092.217753,1000000000.0,0.159107,-60.05202,2023-12-27T06:19:41.132Z,0.00651349,875.82156,2023-12-18T03:04:15.342Z,,2024-01-23T03:01:30.931Z,https://sillydragon.io/,solana,7EYnhQoR9YM3N7UoaKRoA44Uy8JeaZV3qyouov87awMs,4786,1.50619,-12.03871,-13.26303,,6940.0,solana,https://icons.llamao.fi/icons/chains/rsz_solana?w=48&h=48
14,toshi,toshi,Toshi,https://assets.coingecko.com/coins/images/31126/large/2023-08-11_13.21.24.png?1697025145,0.00014021,58667124.0,517.0,58667124.0,715789.0,0.00014016,0.00012744,2.37e-06,1.72268,724294.0,1.25001,420690000000.0,420690000000.0,420690000000.0,0.00023478,-40.82364,2023-12-15T16:05:15.310Z,1.8963e-08,732530.19857,2023-10-09T16:05:26.462Z,,2024-01-23T03:02:00.153Z,https://www.toshithecat.com/,base,0xac1bd2486aaf3b5c0fc3fd868558b082a531b2b4,51691,12.46004,39.78516,-9.13685,528.53277,4445.0,base,https://icons.llamao.fi/icons/chains/rsz_base?w=48&h=48
15,harrypotterobamasonic10in,bitcoin,HarryPotterObamaSonic10Inu (ETH),https://assets.coingecko.com/coins/images/30323/large/hpos10i_logo_casino_night-dexview.png?1696529224,0.056284,56280771.0,528.0,56280771.0,1071492.0,0.059963,0.05412,-0.002324803901228433,-3.96661,-1723764.9092971385,-2.97178,999798155.0,999798155.0,1000000000.0,0.196317,-71.1775,2023-08-20T18:54:54.704Z,0.00066337,8429.75791,2023-05-31T23:11:46.784Z,,2024-01-23T03:01:54.657Z,https://hpos10i.com,ethereum,0x72e4f9f808c49a2a61de9c5896298920dc4eeea9,7570,-15.3447,-35.18754,-36.90291,-48.68314,8121.0,ethereum,https://icons.llamao.fi/icons/chains/rsz_ethereum?w=48&h=48
16,milady-meme-coin,ladys,Milady Meme Coin,https://assets.coingecko.com/coins/images/30194/large/logo.png?1696529109,5.2723e-08,46748850.0,580.0,46748850.0,2302681.0,5.6545e-08,5.1301e-08,-3.113043687e-09,-5.5753,-2661141.623265989,-5.38584,888000888000888.0,888000888000888.0,888000888000888.0,1.72607e-07,-69.82333,2023-05-11T08:55:43.001Z,7.31393e-10,7021.63698,2023-05-10T03:39:39.243Z,,2024-01-23T03:01:57.952Z,https://milady.gg,ethereum,0x12970e6868f88f6557b76120662c1b3e50a646bf,14985,-18.29835,-9.25613,-47.52118,67.36047,43750.0,ethereum,https://icons.llamao.fi/icons/chains/rsz_ethereum?w=48&h=48
17,samoyedcoin,samo,Samoyedcoin,https://assets.coingecko.com/coins/images/15051/large/IXeEj5e.png?1696514710,0.01051981,43809736.0,600.0,50022218.0,1414820.0,0.01156609,0.01038104,-0.001046281646312474,-9.04611,-4217001.9889166355,-8.78053,4157373282.0,4746913623.21,4746913623.21,0.236987,-95.56637,2021-10-28T17:58:36.106Z,0.00066955,1469.27208,2021-04-29T13:34:43.813Z,,2024-01-23T03:02:08.137Z,https://samoyedcoin.com/,solana,7xKXtg2CW87d97TXJSDpbD5jBkheTqA83TZRuJosgAsU,27761,-15.90302,-16.33282,-42.38389,46.39369,5048.0,solana,https://icons.llamao.fi/icons/chains/rsz_solana?w=48&h=48
18,jesus-coin,jesus,Jesus Coin,https://assets.coingecko.com/coins/images/30036/large/JESUS_COIN_LOGO.png?1696528959,2.08388e-07,32619849.0,709.0,162079850.0,621122.0,2.28051e-07,1.80537e-07,-1.8288170828e-08,-8.06796,-3123788.3595345095,-8.73942,156533918921920.56,777777777777777.0,777777777777777.0,5.59011e-07,-63.69515,2023-12-02T06:10:52.319Z,6.18313e-10,32722.86304,2023-04-28T13:40:59.085Z,,2024-01-23T03:01:53.409Z,https://www.jesuscoin.xyz/,ethereum,0xba386a4ca26b85fd057ab1ef86e3dc7bdeb5ce70,4136,-13.63373,-17.32159,-57.62316,65.80916,6866.0,ethereum,https://icons.llamao.fi/icons/chains/rsz_ethereum?w=48&h=48
19,leash,leash,Doge Killer,https://assets.coingecko.com/coins/images/15802/large/Leash.png?1696515425,265.22,28518669.0,756.0,28525739.0,1517532.0,272.73,262.22,-7.50941917479463,-2.75338,-783612.1177248433,-2.67424,107526.34318670128,107553.0,107647.0,4528.43,-94.13796,2021-06-28T21:16:01.787Z,247.07,7.44307,2023-06-15T08:00:07.134Z,,2024-01-23T03:02:06.826Z,https://www.shibatoken.com/,ethereum,0x27c70cd1946795b66be9d954418546998b546634,16032,-6.22706,-9.69963,-18.8046,-12.32295,89838.0,ethereum,https://icons.llamao.fi/icons/chains/rsz_ethereum?w=48&h=48
20,arbdoge-ai,aidoge,ArbDoge AI,https://assets.coingecko.com/coins/images/29852/large/photo_2023-04-18_14-25-28.jpg?1696528778,1.45537e-10,26820479.0,777.0,26820479.0,4409278.0,1.53241e-10,1.42193e-10,-6.968211e-12,-4.56917,-1381835.2176564261,-4.89972,1.84729381711852e+17,1.84729384208503e+17,2.1e+17,1.118e-09,-86.95836,2023-05-01T01:35:38.530Z,4.7681e-11,205.90157,2023-09-14T02:40:44.398Z,,2024-01-23T03:02:11.242Z,https://arbdoge.ai/,arbitrum-one,0x09e18590e8f76b6cf471b3cd75fe1a1a9d2b2c2b,19724,-14.38055,-11.49732,-44.64718,19.41531,,arbitrum,https://icons.llamao.fi/icons/chains/rsz_arbitrum?w=48&h=48
21,kishu-inu,kishu,Kishu Inu,https://assets.coingecko.com/coins/images/14890/large/uVLzCoP.png?1696514553,2.66357e-10,25792644.0,793.0,,738025.0,2.77398e-10,2.60367e-10,-1.0874466e-11,-3.92252,-756494.9661316834,-2.84941,9.683492960228464e+16,,,1.7547e-08,-98.4834,2021-05-15T02:19:47.919Z,6.8855e-11,286.47881,2021-04-23T23:08:02.648Z,,2024-01-23T03:01:49.798Z,https://kishu.com/,ethereum,0xa2b4c0af19cc16a6cfacce81f192b024d625817d,77854,-10.49401,-9.91389,-25.41273,11.51251,44487.0,ethereum,https://icons.llamao.fi/icons/chains/rsz_ethereum?w=48&h=48
22,the-doge-nft,dog,The Doge NFT,https://assets.coingecko.com/coins/images/18111/large/Doge.png?1696517615,0.00263436,24958679.0,801.0,45259138.0,396202.0,0.002919,0.00258005,-0.000283256198227137,-9.70849,-2571754.394637633,-9.3415,9358137261.948725,16969696969.0,16969696969.0,0.04176505,-93.61663,2021-09-03T21:53:06.169Z,2e-07,1332909.80854,2023-08-11T12:46:26.366Z,,2024-01-23T03:02:06.723Z,https://ownthedoge.com/,ethereum,0xbaac2b4491727d78d2b78815144570b9f2fe8899,5775,-8.84681,-1.15747,28.94089,243.96828,1945.0,ethereum,https://icons.llamao.fi/icons/chains/rsz_ethereum?w=48&h=48
23,wall-street-memes,wsm,Wall Street Memes,https://assets.coingecko.com/coins/images/31975/large/Wall_Street_Memes_Logo_resize.png?1696530778,0.01303284,23295001.0,833.0,25724139.0,20895017.0,0.01380521,0.012518,-0.000547320948946668,-4.0303,-1177759.5000046082,-4.81253,1811139428.6019042,2000000000.0,2000000000.0,0.076991,-83.21971,2023-09-30T06:35:28.145Z,0.012518,3.20564,2024-01-23T00:45:09.776Z,,2024-01-23T03:01:52.555Z,https://wallstmemes.com/,ethereum,0xb62e45c3df611dce236a6ddc7a493d79f9dfadef,7760,-13.73135,-10.86652,-38.69769,-34.58113,32009.0,ethereum,https://icons.llamao.fi/icons/chains/rsz_ethereum?w=48&h=48
24,omnicat,omni,OmniCat,https://assets.coingecko.com/coins/images/33917/large/2023-12-21_21.39.10.jpg?1703321588,0.00053022,22110135.0,858.0,24113153.0,3015498.0,0.00077095,0.00052474,-0.000204571856633831,-27.84081,-7870830.547717582,-26.25276,41725187737.38622,45505187737.38622,45505187737.38622,0.0045811,-88.53892,2023-12-23T12:49:49.346Z,0.00025053,109.57634,2024-01-03T19:04:54.100Z,,2024-01-23T03:02:09.109Z,https://omnicat.xyz/,ethereum,0x9e20461bc2c4c980f62f1b279d71734207a6a356,1808,34.57955,-18.315,-71.81907,,2271.0,ethereum,https://icons.llamao.fi/icons/chains/rsz_ethereum?w=48&h=48
25,optimus-ai,opti,Optimus AI,https://assets.coingecko.com/coins/images/29328/large/photo_2023-11-14_22-41-11.png?1700091127,0.212873,21381626.0,871.0,21381626.0,199491.0,0.219325,0.19882,-0.004844738438015723,-2.22524,-361972.7825826183,-1.66473,100000000.0,100000000.0,100000000.0,0.594319,-63.94246,2023-04-14T18:10:55.322Z,0.070515,203.90306,2023-10-11T08:15:34.048Z,,2024-01-23T03:02:08.616Z,https://www.optimustoken.io/,ethereum,0x562e362876c8aee4744fc2c6aac8394c312d215d,9896,-21.19343,-24.52145,-33.1416,4.16517,8178.0,ethereum,https://icons.llamao.fi/icons/chains/rsz_ethereum?w=48&h=48
26,volt-inu-2,volt,Volt Inu,https://assets.coingecko.com/coins/images/25201/large/logo200.png?1696524344,3.40484e-07,21210638.0,876.0,23505628.0,277986.0,3.58614e-07,3.38214e-07,-1.7887708693e-08,-4.99138,-1095796.7884445712,-4.91247,62263131613878.4,69000000000000.0,69000000000000.0,3.43e-06,-90.05961,2022-04-26T13:04:38.735Z,2.10923e-07,61.45278,2023-09-26T21:01:09.381Z,,2024-01-23T03:02:09.646Z,https://voltinu.in/,ethereum,0x7f792db54b0e580cdc755178443f0430cf799aca,70948,-9.27924,-8.66791,-20.57334,17.46583,26622.0,ethereum,https://icons.llamao.fi/icons/chains/rsz_ethereum?w=48&h=48
27,dejitaru-tsuka,tsuka,Dejitaru Tsuka,https://assets.coingecko.com/coins/images/26405/large/Dejitaru_Tsuka_Logo.jpg?1696525481,0.02108502,21102506.0,880.0,21102506.0,427991.0,0.02279359,0.02076365,-0.001605180147454418,-7.07433,-1599134.6160703301,-7.04414,1000000000.0,1000000000.0,1000000000.0,0.15717,-86.69666,2023-02-15T22:35:25.938Z,0.01255154,66.58442,2022-07-29T01:15:11.255Z,,2024-01-23T03:01:50.118Z,https://www.dejitarutsuka.io/,ethereum,0xc5fb36dd2fb59d3b98deff88425a3f425ee469ed,9726,-19.46355,-32.08559,-25.92216,-2.48773,8916.0,ethereum,https://icons.llamao.fi/icons/chains/rsz_ethereum?w=48&h=48
28,chihuahua-token,huahua,Chihuahua Chain,https://assets.coingecko.com/coins/images/22485/large/logo_transparent_notext.png?1696521808,0.00020226,20165243.0,897.0,21065487.0,233809.0,0.00022328,0.00019118,-2.0961302188855e-05,-9.39023,-2084365.1369737089,-9.3681,99697997057.0,104148846663.0,,0.00983165,-97.93363,2022-01-20T10:10:57.442Z,1.67e-05,1116.86027,2023-10-08T12:38:44.532Z,,2024-01-23T02:59:22.560Z,https://www.chihuahua.wtf,osmosis,ibc/B9E0A1A524E98BB407D3CED8720EFEFD186002F90C1B1B7964811DD0CCC12228,11832,-20.10765,-1.85973,-38.46675,304.97364,3414.0,osmosis,https://icons.llamao.fi/icons/chains/rsz_osmosis?w=48&h=48
29,turbo,turbo,Turbo,https://assets.coingecko.com/coins/images/30117/large/turbo.jpg?1696529039,0.00027174,18746479.0,920.0,18746479.0,2965761.0,0.00029833,0.00026446,-2.192136416446e-05,-7.46475,-1429209.7545301728,-7.08382,69000000000.0,69000000000.0,69000000000.0,0.00300413,-91.0441,2023-05-06T17:19:51.951Z,6.518e-05,312.7801,2023-09-26T21:46:54.834Z,,2024-01-23T03:01:52.396Z,https://www.turbotoken.ai/,ethereum,0xa35923162c49cf95e6bf26623385eb431ad920d3,8626,-18.64506,-21.01177,-49.3319,128.94087,2432.0,ethereum,https://icons.llamao.fi/icons/chains/rsz_ethereum?w=48&h=48
30,mog-coin,mog,Mog Coin,https://assets.coingecko.com/coins/images/31059/large/MOG_LOGO_200x200.png?1696529893,4.4693e-08,17435624.0,948.0,17435624.0,758644.0,4.6583e-08,3.8528e-08,-1.499906952e-09,-3.24708,-425228.790968664,-2.38079,390570159911439.0,390570159911439.0,420690000000000.0,1.0915e-07,-59.01763,2023-08-18T07:21:28.140Z,4.526e-09,888.28593,2023-07-24T17:10:57.805Z,,2024-01-23T03:01:58.329Z,https://www.mogcoin.xyz,ethereum,0xaaee1a9723aadb7afa2810263653a34ba2c21c7a,4591,12.72402,16.09664,35.76905,77.13766,1290.0,ethereum,https://icons.llamao.fi/icons/chains/rsz_ethereum?w=48&h=48
31,bob-token,bob,BOB Token,https://assets.coingecko.com/coins/images/29929/large/bob.png?1696528857,2.352e-05,16223322.0,968.0,16223322.0,1325188.0,2.55e-05,2.316e-05,-1.857885446331e-06,-7.31966,-1302897.5582023691,-7.43399,690000000000.0,690000000000.0,690000000000.0,0.00021819,-89.24297,2023-05-06T16:20:39.687Z,1.68e-06,1295.95336,2023-04-22T17:35:00.345Z,,2024-01-23T03:01:57.801Z,https://explainthisbob.com/,ethereum,0x7d8146cf21e8d7cbe46054e01588207b51198729,11837,-16.89817,-10.22941,-52.38042,325.32407,2850.0,ethereum,https://icons.llamao.fi/icons/chains/rsz_ethereum?w=48&h=48
32,welsh-corgi-coin,welsh,WELSH CORGI COIN,https://assets.coingecko.com/coins/images/34009/large/welsh.png?1703668279,0.00159404,15701116.0,989.0,15701116.0,426272.0,0.00182646,0.00149276,-0.000181272314533234,-10.21074,15701116.0,0.0,10000000000.0,10000000000.0,10000000000.0,0.00504227,-69.07354,2023-12-28T19:37:01.061Z,0.00139934,11.43811,2023-12-30T16:55:55.192Z,,2024-01-23T03:00:53.928Z,https://www.welshtoken.com/,stacks,SP3K8BC0PPEVCV7NZ6QSRWPQ2JE9E5B6N3PA0KBR9.token-wcorgi,2189,8.28665,-48.45005,,,703.0,stacks,https://icons.llamao.fi/icons/chains/rsz_stacks?w=48&h=48
33,popcat,popcat,Popcat,https://assets.coingecko.com/coins/images/33760/large/image.jpg?1702964227,0.01569212,15115398.0,1006.0,15115398.0,2535574.0,0.01853411,0.01329136,-0.001352665722013136,-7.93595,-1919725.3388834838,-11.26922,979978669.96,979978669.96,979978694.0,0.04823125,-68.23356,2023-12-22T06:04:43.531Z,0.00379728,303.48261,2024-01-05T15:34:24.842Z,,2024-01-23T02:59:42.859Z,https://popcat.meme/,solana,7GCihgDB8fe6KNjn2MYtkzZcRjQy3t9GHdC8uHYmW2hr,2916,-30.89098,115.81503,-32.98605,,2228.0,solana,https://icons.llamao.fi/icons/chains/rsz_solana?w=48&h=48
34,wojak,wojak,Wojak,https://assets.coingecko.com/coins/images/29856/large/wojak.png?1696528782,0.0002065,14338947.0,1036.0,14338947.0,1443144.0,0.00023746,0.0002062,-2.7436559091148e-05,-11.72837,-1827669.5519932434,-11.30521,69420000000.0,69420000000.0,69420000000.0,0.00107427,-80.76336,2023-05-05T05:00:10.878Z,4.902e-05,321.57401,2023-04-21T19:34:58.610Z,,2024-01-23T03:02:10.396Z,https://linktr.ee/wojaketh,ethereum,0x5026f006b85729a8b14553fae6af249ad16c9aab,12816,-21.67757,-6.62472,-48.9044,39.4848,7947.0,ethereum,https://icons.llamao.fi/icons/chains/rsz_ethereum?w=48&h=48
35,snailbrook,snail,SnailBrook,https://assets.coingecko.com/coins/images/29922/large/snail_200x200.png?1696528851,0.00017433,14018828.0,1044.0,17442207.0,15611.99,0.00019173,0.00017165,-1.7369460107077e-05,-9.06071,-1389804.1877074465,-9.01965,80373015782.0,100000000000.0,100000000000.0,0.00042588,-59.04976,2023-05-22T15:11:28.205Z,0.00010412,67.49376,2023-10-11T15:36:36.930Z,,2024-01-23T03:01:55.126Z,https://snailbrook.ai/,ethereum,0x6bc40d4099f9057b23af309c08d935b890d7adc0,2229,-5.08094,-4.96909,-14.55144,-29.08563,3060.0,ethereum,https://icons.llamao.fi/icons/chains/rsz_ethereum?w=48&h=48
36,mochi-thecatcoin,mochi,Mochi,https://assets.coingecko.com/coins/images/33083/large/mochi200.png?1703024216,1.37e-05,13724577.0,1050.0,13724577.0,181398.0,1.4e-05,1.201e-05,-2.21899426524e-07,-1.59347,-230242.81822638027,-1.64992,1000000000000.0,1000000000000.0,1000000000000.0,2.254e-05,-39.10685,2023-12-15T22:02:51.527Z,4.76213e-07,2782.02211,2023-11-22T01:28:39.342Z,,2024-01-23T03:01:42.830Z,https://mochithecatcoin.com/,base,0xf6e932ca12afa26665dc4dde7e27be02a7c02e50,1493,47.87789,74.13106,1.55031,1635.22004,2509.0,base,https://icons.llamao.fi/icons/chains/rsz_base?w=48&h=48
37,analos,analos,analoS,https://assets.coingecko.com/coins/images/33855/large/image_4_%286%29.png?1703125199,0.00013379,13114711.0,1070.0,13375085.0,12039380.0,0.00015349,0.00012388,6.59e-06,5.17856,655930.0,5.2648,98033126495.9099,99979441204.6607,99980604131.0,0.00214514,-93.76423,2023-12-25T10:19:41.322Z,5.952e-05,124.72619,2023-12-21T09:56:51.341Z,,2024-01-23T03:01:51.522Z,https://www.analos.meme/,solana,7iT1GRYYhEop2nV1dyCwK2MGyLmPHq47WhPGSwiqcUg5,11962,-21.67278,-17.98972,-85.04958,,22461.0,solana,https://icons.llamao.fi/icons/chains/rsz_solana?w=48&h=48
38,shiba-predator,qom,Shiba Predator,https://assets.coingecko.com/coins/images/24430/large/l1KzMcL.png?1696523611,2.1429e-08,12857531.0,1075.0,12857531.0,4904.48,2.2639e-08,2.1225e-08,-1.201459762e-09,-5.30899,-724382.2744863294,-5.33343,599999999999999.0,599999999999999.0,999999999999999.0,3.80671e-07,-94.37134,2022-04-03T14:54:51.356Z,1.5521e-08,38.04976,2022-12-17T00:25:42.692Z,,2024-01-23T03:01:52.959Z,http://qompredator.finance,ethereum,0xa71d0588eaf47f12b13cf8ec750430d21df04974,5337,-18.50073,-14.05863,-18.6476,-7.32986,6153.0,ethereum,https://icons.llamao.fi/icons/chains/rsz_ethereum?w=48&h=48
39,vita-inu,vinu,Vita Inu,https://assets.coingecko.com/coins/images/20594/large/vita-inu-head-wallet-icon-transparent.png?1696520000,1.37e-08,12291288.0,1099.0,12291288.0,310325.0,1.4288e-08,1.3427e-08,-2.60014351e-10,-1.86259,-279730.9224312827,-2.2252,899794230699616.0,899794230699616.0,899794230699616.0,6.8772e-08,-80.0972,2022-03-30T04:28:45.251Z,3.024e-09,352.61354,2021-11-19T03:41:57.093Z,,2024-01-23T03:02:05.495Z,https://vitainu.org,binance-smart-chain,0xfebe8c1ed424dbf688551d4e2267e7a53698f0aa,9930,-11.23412,-10.02728,-42.30448,54.0477,14859.0,ethereum,https://icons.llamao.fi/icons/chains/rsz_ethereum?w=48&h=48
40,catecoin,cate,CateCoin,https://assets.coingecko.com/coins/images/15364/large/logo.png?1696515013,3.53493e-07,12150509.0,1113.0,35343205.0,323057.0,3.81386e-07,3.52461e-07,-2.7378365419e-08,-7.18834,-943374.0508900173,-7.20469,34378628154281.39,100000000000000.0,100000000000000.0,1.176e-05,-96.99763,2021-11-10T00:29:31.177Z,3.0238e-11,1167263.01046,2021-09-18T12:03:09.544Z,,2024-01-23T03:01:58.617Z,https://catecoin.com/,binance-smart-chain,0xe4fae3faa8300810c835970b9187c268f55d998f,46493,-5.54389,-4.52776,0.02627,6.6908,13831.0,ethereum,https://icons.llamao.fi/icons/chains/rsz_ethereum?w=48&h=48
41,bad-idea-ai,bad,Bad Idea AI,https://assets.coingecko.com/coins/images/30871/large/Bad_idea.jpeg?1696529718,2.1871e-08,11745407.0,1138.0,18171081.0,761322.0,2.2402e-08,2.0847e-08,-5.17391874e-10,-2.31097,-215589.13229457475,-1.80243,537117176428691.0,830963055400463.0,831041059897327.0,1.93994e-07,-88.75264,2023-08-13T03:25:17.029Z,1.9409e-08,12.41723,2023-07-21T06:15:30.480Z,,2024-01-23T03:02:08.186Z,https://www.badidea.ai/,ethereum,0x32b86b99441480a7e5bd3a26c124ec2373e3f015,14218,-18.06755,-29.89043,-30.24832,-29.8213,8670.0,ethereum,https://icons.llamao.fi/icons/chains/rsz_ethereum?w=48&h=48
42,shiba-saga,shia,Shiba Saga,https://assets.coingecko.com/coins/images/31437/large/51nmYxm3_400x400.jpg?1696530252,0.04004922,11184387.0,1160.0,79865598.0,622807.0,0.04244823,0.03929049,-0.002399013075593787,-5.65162,-615161.6872653626,-5.21343,280080208.82463354,2000000000.0,2000000000.0,0.785605,-94.93473,2023-08-26T19:54:46.281Z,0.03764182,5.71496,2024-01-19T19:00:51.093Z,,2024-01-23T03:01:58.522Z,https://www.shibasaga.com/,ethereum,0x43d7e65b8ff49698d9550a7f315c87e67344fb59,6872,-29.01381,-31.88616,-44.43519,-47.74177,12374.0,ethereum,https://icons.llamao.fi/icons/chains/rsz_ethereum?w=48&h=48
43,kizuna,kizuna,Kizuna,https://assets.coingecko.com/coins/images/32113/large/IMG_9968.png?1696585475,1.1129e-08,10790110.0,1182.0,10790110.0,151648.0,1.2159e-08,9.794e-09,6.84682e-10,6.55524,665207.0,6.57,969507656538516.0,969507656538516.0,1000000000000000.0,3.1948e-08,-64.54712,2023-12-09T15:54:43.108Z,3.14674e-10,3499.48682,2023-10-22T20:49:32.947Z,,2024-01-23T03:01:35.545Z,https://kizunatoken.io/,ethereum,0x470c8950c0c3aa4b09654bc73b004615119a44b5,3433,35.03494,-3.38375,-37.36432,-32.083,3921.0,ethereum,https://icons.llamao.fi/icons/chains/rsz_ethereum?w=48&h=48
